review_id,manual_label,comment,updated_at
000409_p0001,terrain_like,,2026-06-24T01:08:45
000409_p0002,terrain_like,,2026-06-24T01:09:19
000409_p0003,terrain_like,,2026-06-24T01:10:11
000409_p0004,terrain_like,,2026-06-24T01:10:35
000409_p0005,terrain_like,,2026-06-24T01:10:49
000409_p0006,terrain_like,,2026-06-24T01:11:02
000409_p0007,terrain_like,,2026-06-24T01:11:56
000409_p0008,terrain_like,,2026-06-24T01:12:14
000410_p0001,object,,2026-06-24T01:12:25
000410_p0002,plausible_object,,2026-06-24T01:14:08
000410_p0003,trash,,2026-06-24T01:14:20
000410_p0004,terrain_like,,2026-06-24T01:14:29
000410_p0005,terrain_like,,2026-06-24T02:36:45
000411_p0001,terrain_like,,2026-06-24T02:36:58
000411_p0002,terrain_like,,2026-06-24T02:37:13
000411_p0003,object,,2026-06-24T02:37:23
000412_p0001,plausible_object,,2026-06-24T02:37:44
000412_p0002,plausible_object,,2026-06-24T02:37:56
000412_p0003,plausible_object,,2026-06-24T02:38:05
000414_p0001,terrain_like,,2026-06-24T02:39:56
000414_p0002,terrain_like,,2026-06-24T02:40:09
000414_p0003,terrain_like,,2026-06-24T02:40:20
000414_p0004,terrain_like,,2026-06-24T02:40:30
000414_p0005,terrain_like,,2026-06-24T02:41:27
000415_p0001,bad_crop,,2026-06-24T02:41:51
000416_p0001,plausible_object,,2026-06-24T02:42:05
000417_p0001,terrain_like,,2026-06-24T02:42:14
000417_p0002,terrain_like,,2026-06-24T02:42:40
000417_p0003,terrain_like,,2026-06-24T02:42:52
000417_p0004,terrain_like,,2026-06-24T02:43:14
000418_p0001,plausible_object,,2026-06-24T02:43:27
000418_p0002,plausible_object,,2026-06-24T02:43:40
000418_p0003,plausible_object,,2026-06-24T02:43:52
000418_p0004,trash,,2026-06-24T02:44:12
000419_p0001,plausible_object,,2026-06-24T02:44:25
000420_p0001,object,,2026-06-24T02:44:41
000420_p0002,object,,2026-06-24T02:44:53
000420_p0003,object,,2026-06-24T02:45:10
000420_p0004,object,,2026-06-24T02:45:19
000420_p0005,object,,2026-06-24T02:45:33
000420_p0006,object,,2026-06-24T02:45:42
000420_p0007,object,,2026-06-24T02:45:53
000420_p0008,object,,2026-06-24T02:46:12
000420_p0009,object,,2026-06-24T02:58:00
000420_p0010,object,,2026-06-24T02:58:09
000421_p0001,object,,2026-06-24T02:58:16
000421_p0002,object,,2026-06-24T02:58:29
000421_p0003,object,,2026-06-24T02:58:39
000421_p0004,object,,2026-06-24T02:58:52
000421_p0005,object,,2026-06-24T02:59:00
000421_p0006,object,,2026-06-24T02:59:22
000421_p0007,object,,2026-06-24T02:59:33
000421_p0008,object,,2026-06-24T02:59:42
000421_p0009,object,,2026-06-24T02:59:53
000421_p0010,object,,2026-06-24T03:01:01
000421_p0011,terrain_like,,2026-06-24T03:01:14
000422_p0001,object,,2026-06-24T03:19:58
000422_p0002,object,,2026-06-24T03:19:56
000422_p0003,object,,2026-06-24T03:19:50
000422_p0004,plausible_object,,2026-06-24T03:19:45
000422_p0005,object,,2026-06-24T03:19:41
000422_p0006,object,,2026-06-24T03:19:37
000423_p0001,object,,2026-06-24T03:19:34
000423_p0002,object,,2026-06-24T03:19:31
000423_p0003,object,,2026-06-24T03:19:28
000423_p0004,object,,2026-06-24T03:19:22
000423_p0005,object,,2026-06-24T03:19:20
000423_p0006,object,,2026-06-24T03:19:15
000424_p0001,object,,2026-06-24T03:19:11
000424_p0002,object,,2026-06-24T03:19:07
000424_p0003,object,,2026-06-24T03:19:05
000424_p0004,plausible_object,,2026-06-24T03:19:01
000425_p0001,object,,2026-06-24T03:18:55
000425_p0002,object,,2026-06-24T03:18:52
000425_p0003,object,,2026-06-24T03:18:48
000425_p0004,object,,2026-06-24T03:18:46
000425_p0005,object,,2026-06-24T03:18:41
000425_p0006,object,,2026-06-24T03:18:38
000426_p0001,object,,2026-06-24T03:18:34
000426_p0002,object,,2026-06-24T03:18:32
000426_p0003,object,,2026-06-24T03:18:30
000427_p0001,object,,2026-06-24T03:18:29
000427_p0002,object,,2026-06-24T03:18:27
000427_p0003,object,,2026-06-24T03:18:25
000428_p0001,object,,2026-06-24T03:18:21
000428_p0002,object,,2026-06-24T03:18:17
000428_p0003,object,,2026-06-24T03:18:13
000428_p0004,object,,2026-06-24T03:18:09
000428_p0005,object,,2026-06-24T03:18:05
000428_p0006,object,,2026-06-24T03:18:00
000429_p0001,object,,2026-06-24T03:17:56
000429_p0002,object,,2026-06-24T03:17:52
000429_p0003,object,,2026-06-24T03:17:48
000429_p0004,object,,2026-06-24T03:17:45
000429_p0005,object,,2026-06-24T03:17:40
000429_p0006,object,,2026-06-24T03:17:38
000429_p0007,object,,2026-06-24T03:17:36
000429_p0008,object,,2026-06-24T03:17:34
000429_p0009,object,,2026-06-24T03:17:32
000429_p0010,object,,2026-06-24T03:17:29
000430_p0001,terrain_like,,2026-06-24T03:17:23
000430_p0002,terrain_like,,2026-06-24T03:17:20
000431_p0001,object,,2026-06-24T03:17:05
000431_p0002,terrain_like,,2026-06-24T03:17:02
000432_p0001,object,,2026-06-24T03:16:58
000432_p0002,terrain_like,,2026-06-24T03:16:54
000432_p0003,trash,,2026-06-24T03:16:19
000432_p0004,plausible_object,,2026-06-24T03:16:27
000432_p0005,plausible_object,,2026-06-24T03:16:30
000432_p0006,plausible_object,,2026-06-24T03:16:34
000432_p0007,plausible_object,,2026-06-24T03:16:42
000432_p0008,object,,2026-06-24T03:16:46
000432_p0009,terrain_like,,2026-06-24T03:01:56
000432_p0010,terrain_like,,2026-06-24T03:02:03
000433_p0001,terrain_like,,2026-06-24T03:02:09
000433_p0002,plausible_object,,2026-06-24T03:02:19
000433_p0003,plausible_object,,2026-06-24T03:02:27
000433_p0004,plausible_object,,2026-06-24T03:02:43
000433_p0005,plausible_object,,2026-06-24T03:02:47
000433_p0006,plausible_object,,2026-06-24T03:03:01
000434_p0001,plausible_object,,2026-06-24T03:03:09
000434_p0002,plausible_object,,2026-06-24T03:03:14
000434_p0003,plausible_object,,2026-06-24T03:03:22
000435_p0001,object,,2026-06-24T03:03:29
000435_p0002,object,,2026-06-24T03:03:33
000435_p0003,object,,2026-06-24T03:03:36
000435_p0004,object,,2026-06-24T03:03:42
000435_p0005,object,,2026-06-24T03:03:46
000436_p0001,object,,2026-06-24T03:03:53
000436_p0002,object,,2026-06-24T03:03:56
000436_p0003,object,,2026-06-24T03:04:02
000436_p0004,object,,2026-06-24T03:04:05
000436_p0005,object,,2026-06-24T03:08:04
000437_p0001,plausible_object,,2026-06-24T03:08:15
000438_p0001,object,,2026-06-24T03:08:24
000438_p0002,object,,2026-06-24T03:08:27
000439_p0001,plausible_object,,2026-06-24T03:08:34
000440_p0001,object,,2026-06-24T03:08:39
000440_p0002,object,,2026-06-24T03:08:41
000440_p0003,object,,2026-06-24T03:08:46
000441_p0001,object,,2026-06-24T03:08:50
000441_p0002,object,,2026-06-24T03:08:54
000441_p0003,object,,2026-06-24T03:08:58
000441_p0004,object,,2026-06-24T03:09:01
000443_p0001,plausible_object,,2026-06-24T03:09:07
000444_p0001,object,,2026-06-24T03:09:12
000444_p0002,object,,2026-06-24T03:09:14
000444_p0003,object,,2026-06-24T03:09:16
000444_p0004,object,,2026-06-24T03:09:18
000444_p0005,object,,2026-06-24T03:09:20
000444_p0006,object,,2026-06-24T03:09:21
000444_p0007,object,,2026-06-24T03:09:23
000444_p0008,object,,2026-06-24T03:09:25
000444_p0009,object,,2026-06-24T03:09:27
000444_p0010,object,,2026-06-24T03:09:31
000444_p0011,object,,2026-06-24T03:09:34
000444_p0012,plausible_object,,2026-06-24T03:09:40
000445_p0001,object,,2026-06-24T03:09:47
000445_p0002,object,,2026-06-24T03:09:51
000445_p0003,object,,2026-06-24T03:09:55
000445_p0004,object,,2026-06-24T03:09:58
000445_p0005,object,,2026-06-24T03:10:03
000445_p0006,object,,2026-06-24T03:10:06
000445_p0007,object,,2026-06-24T03:10:11
000445_p0008,object,,2026-06-24T03:10:15
000447_p0001,plausible_object,,2026-06-24T03:10:26
000447_p0002,object,,2026-06-24T03:10:31
000449_p0001,plausible_object,,2026-06-24T03:10:36
000450_p0001,plausible_object,,2026-06-24T03:10:43
000451_p0001,plausible_object,,2026-06-24T03:10:48
000451_p0002,plausible_object,,2026-06-24T03:10:54
000451_p0003,plausible_object,,2026-06-24T03:10:58
000451_p0004,plausible_object,,2026-06-24T03:11:02
000452_p0001,object,,2026-06-24T03:11:10
000453_p0001,plausible_object,,2026-06-24T03:11:23
000453_p0002,plausible_object,,2026-06-24T03:11:28
000453_p0003,plausible_object,,2026-06-24T03:11:34
000453_p0004,plausible_object,,2026-06-24T03:11:38
000453_p0005,trash,,2026-06-24T03:11:45
000454_p0001,object,,2026-06-24T03:11:50
000454_p0002,object,,2026-06-24T03:11:55
000455_p0001,trash,,2026-06-24T03:12:00
000456_p0001,object,,2026-06-24T03:12:05
000456_p0002,plausible_object,,2026-06-24T03:12:10
000456_p0003,object,,2026-06-24T03:12:16
000456_p0004,object,,2026-06-24T03:12:20
000456_p0005,plausible_object,,2026-06-24T03:12:25
000458_p0001,object,,2026-06-24T03:12:30
000458_p0002,plausible_object,,2026-06-24T03:12:35
000458_p0003,plausible_object,,2026-06-24T03:12:39
000459_p0001,trash,,2026-06-24T03:12:46
000459_p0002,trash,,2026-06-24T03:12:51
000459_p0003,object,,2026-06-24T03:12:54
000460_p0001,object,,2026-06-24T03:12:57
000460_p0002,object,,2026-06-24T03:13:03
000460_p0003,object,,2026-06-24T03:13:07
000460_p0004,object,,2026-06-24T03:13:12
000460_p0005,plausible_object,,2026-06-24T03:13:17
000461_p0001,object,,2026-06-24T03:13:22
000463_p0001,trash,,2026-06-24T03:13:27
000463_p0002,plausible_object,,2026-06-24T03:13:32
000464_p0001,object,,2026-06-24T03:13:36
000464_p0002,object,,2026-06-24T03:13:39
000464_p0003,object,,2026-06-24T03:13:43
000464_p0004,object,,2026-06-24T03:13:47
000465_p0001,object,,2026-06-24T03:13:51
000465_p0002,plausible_object,,2026-06-24T03:13:58
000467_p0001,plausible_object,,2026-06-24T03:14:03
000467_p0002,trash,,2026-06-24T03:14:06
000468_p0001,plausible_object,,2026-06-24T03:14:16
000470_p0001,object,,2026-06-24T03:14:20
000470_p0002,object,,2026-06-24T03:14:22
000470_p0003,object,,2026-06-24T03:14:24
000471_p0001,trash,,2026-06-24T03:14:29
000471_p0002,object,,2026-06-24T03:14:33
000471_p0003,object,,2026-06-24T03:14:37
000472_p0001,object,,2026-06-24T03:14:41
000473_p0001,object,,2026-06-24T03:14:48
000473_p0002,plausible_object,,2026-06-24T03:14:53
000473_p0003,plausible_object,,2026-06-24T03:14:58
000473_p0004,plausible_object,,2026-06-24T03:15:03
000474_p0001,plausible_object,,2026-06-24T03:15:07
000475_p0001,bad_crop,,2026-06-24T03:15:15
000475_p0002,bad_crop,,2026-06-24T03:15:21
000476_p0001,object,,2026-06-24T03:15:26
000476_p0002,trash,,2026-06-24T03:15:30
000476_p0003,trash,,2026-06-24T03:15:35
000476_p0004,trash,,2026-06-24T03:15:38
000476_p0005,terrain_like,,2026-06-24T03:16:51
