image_id,decision,reason,comment,updated_at
train_train_000000,remove_image,,,2026-06-15T18:48:23
train_train_000001,keep,,,2026-06-15T18:48:55
train_train_000002,keep,,,2026-06-15T18:49:04
train_train_000003,keep,,,2026-06-15T18:49:08
train_train_000004,remove_image,edge_artifact,,2026-06-15T18:49:19
train_train_000005,keep,edge_artifact,,2026-06-15T18:49:35
train_train_000006,keep,edge_artifact,,2026-06-15T18:49:39
train_train_000007,keep,edge_artifact,,2026-06-15T18:49:44
train_train_000008,remove_image,object_not_visible,,2026-06-15T18:51:24
train_train_000009,remove_image,object_not_visible,,2026-06-15T18:51:31
train_train_000010,remove_image,object_not_visible,,2026-06-15T18:51:50
train_train_000011,keep,edge_artifact,,2026-06-15T18:52:15
train_train_000012,remove_image,edge_artifact,,2026-06-15T18:52:25
train_train_000013,keep,edge_artifact,,2026-06-15T18:52:35
train_train_000014,keep,object_not_visible,,2026-06-15T18:52:49
train_train_000015,keep,object_not_visible,,2026-06-15T18:52:58
train_train_000027,remove_image,edge_artifact,,2026-06-15T18:54:59
train_train_000028,keep,other,,2026-06-15T18:55:08
train_train_000029,keep,other,,2026-06-15T18:55:12
train_train_000030,keep,other,,2026-06-15T18:55:18
train_train_000031,keep,other,,2026-06-15T18:55:23
train_train_000032,remove_image,edge_artifact,,2026-06-15T18:55:36
train_train_000033,remove_image,edge_artifact,,2026-06-15T18:55:45
train_train_000034,remove_image,edge_artifact,,2026-06-15T18:55:53
train_train_000035,remove_image,edge_artifact,,2026-06-15T18:55:58
train_train_000036,remove_image,edge_artifact,,2026-06-15T18:56:02
train_train_000037,keep,edge_artifact,,2026-06-15T18:56:11
train_train_000038,keep,edge_artifact,,2026-06-15T18:56:17
train_train_000039,keep,edge_artifact,,2026-06-15T18:56:21
train_train_000040,keep,edge_artifact,,2026-06-15T18:56:26
train_train_000041,keep,edge_artifact,,2026-06-15T18:56:32
train_train_000042,keep,edge_artifact,,2026-06-15T18:56:37
train_train_000043,keep,edge_artifact,,2026-06-15T18:56:44
train_train_000044,keep,edge_artifact,,2026-06-15T18:57:05
train_train_000045,remove_image,edge_artifact,,2026-06-15T18:57:16
train_train_000046,keep,other,,2026-06-15T18:57:32
train_train_000047,keep,other,,2026-06-15T18:57:36
train_train_000048,keep,other,,2026-06-15T18:57:44
train_train_000049,remove_image,edge_artifact,,2026-06-15T18:57:59
train_train_000050,keep,other,,2026-06-15T18:58:11
train_train_000051,keep,other,,2026-06-15T18:58:22
train_train_000052,keep,other,,2026-06-15T18:58:31
train_train_000053,keep,other,,2026-06-15T18:58:39
train_train_000054,keep,other,,2026-06-15T18:58:46
train_train_000055,keep,edge_artifact,,2026-06-15T18:59:08
train_train_000056,remove_image,edge_artifact,,2026-06-15T18:59:17
train_train_000057,keep,other,,2026-06-15T18:59:35
train_train_000058,keep,other,,2026-06-15T18:59:42
train_train_000059,keep,other,,2026-06-15T18:59:52
train_train_000060,keep,other,,2026-06-15T18:59:58
train_train_000061,remove_image,edge_artifact,,2026-06-15T19:00:34
train_train_000062,keep,other,,2026-06-15T19:00:47
train_train_000063,keep,other,,2026-06-15T19:00:52
train_train_000064,keep,other,,2026-06-15T19:01:01
train_train_000065,keep,other,,2026-06-15T19:01:06
train_train_000066,remove_image,broken_tile,,2026-06-15T19:01:23
train_train_000067,keep,other,,2026-06-15T19:01:34
train_train_000068,keep,other,,2026-06-15T19:01:43
train_train_000069,keep,other,,2026-06-15T19:01:50
train_train_000070,remove_image,edge_artifact,,2026-06-15T19:02:12
train_train_000071,keep,edge_artifact,,2026-06-15T19:02:22
train_train_000072,keep,edge_artifact,,2026-06-15T19:02:31
train_train_000073,remove_image,edge_artifact,,2026-06-15T19:02:38
train_train_000074,remove_image,edge_artifact,,2026-06-15T19:02:42
train_train_000075,remove_image,edge_artifact,,2026-06-15T19:02:47
train_train_000076,remove_image,edge_artifact,,2026-06-15T19:02:53
train_train_000077,keep,edge_artifact,,2026-06-15T19:02:59
train_train_000078,remove_image,edge_artifact,,2026-06-15T19:04:16
train_train_000079,keep,edge_artifact,,2026-06-15T19:04:29
train_train_000080,keep,other,,2026-06-15T19:04:41
train_train_000081,remove_image,edge_artifact,,2026-06-15T19:04:51
train_train_000082,keep,other,,2026-06-15T19:05:05
train_train_000083,keep,other,,2026-06-15T19:05:10
train_train_000084,keep,other,,2026-06-15T19:05:14
train_train_000085,keep,other,,2026-06-15T19:05:20
train_train_000086,keep,other,,2026-06-15T19:05:29
train_train_000087,remove_image,edge_artifact,,2026-06-15T19:05:38
train_train_000088,remove_image,edge_artifact,,2026-06-15T19:06:59
train_train_000089,remove_image,edge_artifact,,2026-06-15T19:07:04
train_train_000090,remove_image,edge_artifact,,2026-06-15T19:13:55
train_train_000091,keep,edge_other,,2026-06-15T19:14:02
train_train_000092,remove_image,edge_artifact,,2026-06-15T19:17:58
train_train_000093,keep,edge_artifact,,2026-06-15T19:18:05
train_train_000094,remove_image,edge_artifact,,2026-06-15T19:18:10
train_train_000095,remove_image,edge_artifact,,2026-06-15T19:18:15
train_train_000096,remove_image,edge_artifact,,2026-06-15T19:18:20
train_train_000097,keep,edge_artifact,,2026-06-15T19:18:25
train_train_000098,keep,edge_artifact,,2026-06-15T19:18:31
train_train_000099,keep,edge_artifact,,2026-06-15T19:18:37
train_train_000100,keep,edge_artifact,,2026-06-15T19:18:44
train_train_000101,keep,edge_artifact,,2026-06-15T23:37:39
train_train_000102,keep,edge_artifact,,2026-06-15T23:37:45
train_train_000103,keep,object_not_visible,,2026-06-15T23:38:09
train_train_000104,keep,object_not_visible,,2026-06-15T23:38:20
train_train_000105,remove_image,object_not_visible,,2026-06-15T23:38:41
train_train_000106,keep,other,,2026-06-15T23:39:02
train_train_000107,keep,other,,2026-06-15T23:39:08
train_train_000108,remove_image,other,,2026-06-15T23:39:28
train_train_000109,keep,other,,2026-06-15T23:39:34
train_train_000110,remove_image,other,,2026-06-15T23:39:42
train_train_000111,remove_image,other,,2026-06-15T23:39:50
train_train_000112,remove_image,other,,2026-06-15T23:39:57
train_train_000113,keep,other,,2026-06-15T23:40:12
train_train_000114,keep,other,,2026-06-15T23:40:19
train_train_000115,remove_image,other,,2026-06-15T23:40:29
train_train_000116,remove_image,other,,2026-06-15T23:40:37
train_train_000117,keep,other,,2026-06-15T23:40:44
train_train_000118,keep,other,,2026-06-15T23:40:50
train_train_000119,remove_image,other,,2026-06-15T23:40:56
train_train_000120,keep,other,,2026-06-15T23:41:04
train_train_000121,keep,other,,2026-06-15T23:41:10
train_train_000122,keep,other,,2026-06-15T23:41:38
train_train_000123,keep,other,,2026-06-15T23:45:16
train_train_000124,keep,other,,2026-06-15T23:45:23
train_train_000125,keep,other,,2026-06-15T23:45:29
train_train_000126,keep,other,,2026-06-15T23:45:40
train_train_000127,keep,other,,2026-06-15T23:45:45
train_train_000128,keep,other,,2026-06-15T23:45:54
train_train_000129,keep,other,,2026-06-15T23:45:59
train_train_000130,keep,other,,2026-06-15T23:46:04
train_train_000131,keep,other,,2026-06-15T23:46:10
train_train_000132,keep,other,,2026-06-15T23:46:15
train_train_000133,keep,other,,2026-06-15T23:46:21
train_train_000134,keep,other,,2026-06-15T23:46:29
train_train_000135,keep,other,,2026-06-15T23:46:34
train_train_000136,keep,other,,2026-06-15T23:46:40
train_train_000137,keep,other,,2026-06-15T23:46:45
train_train_000138,keep,other,,2026-06-15T23:46:49
train_train_000139,remove_image,other,,2026-06-15T23:46:54
train_train_000140,keep,other,,2026-06-15T23:47:00
train_train_000141,keep,other,,2026-06-15T23:47:05
train_train_000142,keep,other,,2026-06-15T23:47:11
train_train_000143,keep,other,,2026-06-15T23:47:20
train_train_000144,remove_image,other,,2026-06-15T23:47:25
train_train_000145,remove_image,other,,2026-06-15T23:47:31
train_train_000146,remove_image,other,,2026-06-15T23:51:15
train_train_000147,remove_image,other,,2026-06-15T23:51:20
train_train_000148,remove_image,other,,2026-06-15T23:51:25
train_train_000149,remove_image,other,,2026-06-15T23:51:31
train_train_000150,remove_image,other,,2026-06-15T23:51:36
train_train_000151,remove_image,other,,2026-06-15T23:51:40
train_train_000152,keep,other,,2026-06-15T23:51:46
train_train_000153,keep,other,,2026-06-15T23:51:50
train_train_000154,keep,other,,2026-06-15T23:51:54
train_train_000155,keep,other,,2026-06-15T23:52:00
train_train_000156,remove_image,other,,2026-06-15T23:52:04
train_train_000157,remove_image,other,,2026-06-15T23:52:08
train_train_000158,keep,other,,2026-06-15T23:52:15
train_train_000159,keep,other,,2026-06-15T23:52:20
train_train_000160,keep,other,,2026-06-15T23:52:27
train_train_000161,keep,other,,2026-06-15T23:52:36
train_train_000162,keep,other,,2026-06-15T23:52:43
train_train_000163,keep,other,,2026-06-15T23:52:49
train_train_000164,keep,other,,2026-06-15T23:52:55
train_train_000165,keep,other,,2026-06-15T23:53:01
train_train_000166,keep,other,,2026-06-15T23:53:09
train_train_000167,keep,other,,2026-06-15T23:53:14
train_train_000168,keep,other,,2026-06-15T23:53:19
train_train_000169,keep,other,,2026-06-15T23:53:25
train_train_000170,keep,other,,2026-06-15T23:53:30
train_train_000171,keep,other,,2026-06-15T23:53:37
train_train_000172,remove_image,other,,2026-06-15T23:53:43
train_train_000173,keep,other,,2026-06-15T23:54:29
train_train_000174,keep,other,,2026-06-15T23:54:34
train_train_000175,keep,other,,2026-06-15T23:54:42
train_train_000176,keep,other,,2026-06-15T23:54:47
train_train_000177,keep,other,,2026-06-15T23:54:53
train_train_000178,keep,other,,2026-06-15T23:55:01
train_train_000179,keep,other,,2026-06-15T23:55:07
train_train_000180,remove_image,other,,2026-06-15T23:55:21
train_train_000181,keep,other,,2026-06-15T23:55:28
train_train_000182,keep,other,,2026-06-15T23:55:41
train_train_000183,keep,other,,2026-06-15T23:55:46
train_train_000184,keep,other,,2026-06-15T23:55:53
train_train_000185,keep,other,,2026-06-15T23:55:59
train_train_000186,remove_image,other,,2026-06-15T23:56:05
train_train_000187,remove_image,other,,2026-06-15T23:56:10
train_train_000188,keep,other,,2026-06-15T23:56:18
train_train_000189,keep,other,,2026-06-15T23:56:23
train_train_000190,keep,other,,2026-06-15T23:56:29
train_train_000191,keep,other,,2026-06-15T23:56:35
train_train_000192,keep,other,,2026-06-15T23:56:40
train_train_000193,keep,other,,2026-06-15T23:56:46
train_train_000194,keep,other,,2026-06-15T23:56:54
train_train_000195,keep,other,,2026-06-15T23:57:00
train_train_000196,keep,other,,2026-06-15T23:57:07
train_train_000197,keep,other,,2026-06-15T23:57:12
train_train_000198,keep,other,,2026-06-15T23:57:17
train_train_000199,keep,other,,2026-06-15T23:57:22
train_train_000200,keep,other,,2026-06-15T23:57:28
train_train_000201,keep,other,,2026-06-15T23:57:33
train_train_000202,keep,other,,2026-06-15T23:57:39
train_train_000203,keep,other,,2026-06-15T23:57:44
train_train_000204,keep,other,,2026-06-15T23:57:52
train_train_000205,keep,other,,2026-06-15T23:57:58
train_train_000206,keep,other,,2026-06-15T23:58:05
train_train_000207,remove_image,other,,2026-06-15T23:58:14
train_train_000208,keep,other,,2026-06-15T23:58:19
train_train_000209,keep,other,,2026-06-15T23:58:25
train_train_000210,keep,other,,2026-06-15T23:58:31
train_train_000211,remove_image,other,,2026-06-15T23:58:38
train_train_000212,remove_image,other,,2026-06-15T23:58:43
train_train_000213,keep,other,,2026-06-15T23:58:48
train_train_000214,keep,other,,2026-06-15T23:58:55
train_train_000215,keep,other,,2026-06-15T23:59:00
train_train_000216,keep,other,,2026-06-15T23:59:04
train_train_000217,remove_image,other,,2026-06-15T23:59:12
train_train_000218,remove_image,other,,2026-06-15T23:59:17
train_train_000219,keep,other,,2026-06-15T23:59:25
train_train_000220,keep,other,,2026-06-15T23:59:30
train_train_000221,keep,other,,2026-06-15T23:59:35
train_train_000222,keep,other,,2026-06-15T23:59:40
train_train_000223,keep,other,,2026-06-15T23:59:44
train_train_000224,keep,other,,2026-06-15T23:59:48
train_train_000225,remove_image,other,,2026-06-15T23:59:54
train_train_000226,keep,other,,2026-06-16T00:00:02
train_train_000227,keep,other,,2026-06-16T00:00:10
train_train_000228,keep,other,,2026-06-16T00:00:13
train_train_000229,keep,other,,2026-06-16T00:00:22
train_train_000230,keep,other,,2026-06-16T00:00:29
train_train_000231,keep,other,,2026-06-16T00:00:36
train_train_000232,remove_image,other,,2026-06-16T00:00:41
train_train_000233,keep,other,,2026-06-16T00:00:46
train_train_000239,remove_image,other,,2026-06-16T00:02:47
train_train_000240,remove_image,other,,2026-06-16T00:02:52
train_train_000241,keep,other,,2026-06-16T00:02:57
train_train_000242,keep,other,,2026-06-16T00:03:06
train_train_000243,keep,other,,2026-06-16T00:03:11
train_train_000244,remove_image,other,,2026-06-16T00:03:15
train_train_000245,remove_image,other,,2026-06-16T00:03:20
train_train_000246,keep,other,,2026-06-16T00:03:25
train_train_000247,keep,other,,2026-06-16T00:03:29
train_train_000248,keep,other,,2026-06-16T00:03:36
train_train_000249,keep,other,,2026-06-16T00:03:41
train_train_000250,keep,other,,2026-06-16T00:03:46
train_train_000251,keep,other,,2026-06-16T00:03:51
train_train_000252,keep,other,,2026-06-16T00:03:56
train_train_000253,remove_image,other,,2026-06-16T00:04:01
train_train_000254,keep,other,,2026-06-16T00:04:07
train_train_000255,keep,other,,2026-06-16T00:04:12
train_train_000256,keep,other,,2026-06-16T00:04:16
train_train_000257,keep,other,,2026-06-16T00:04:21
train_train_000258,remove_image,other,,2026-06-16T00:04:26
train_train_000259,keep,other,,2026-06-16T00:04:33
train_train_000260,keep,other,,2026-06-16T00:04:37
train_train_000261,remove_image,other,,2026-06-16T00:04:42
train_train_000262,remove_image,other,,2026-06-16T00:04:46
train_train_000263,remove_image,other,,2026-06-16T00:04:50
train_train_000264,remove_image,other,,2026-06-16T00:04:54
train_train_000265,keep,other,,2026-06-16T00:04:59
train_train_000266,keep,other,,2026-06-16T00:05:03
train_train_000267,keep,other,,2026-06-16T00:05:07
train_train_000268,keep,other,,2026-06-16T00:05:13
train_train_000269,keep,other,,2026-06-16T00:05:19
train_train_000270,keep,other,,2026-06-16T00:05:24
train_train_000271,keep,other,,2026-06-16T00:05:28
train_train_000272,keep,other,,2026-06-16T00:05:50
train_train_000273,keep,other,,2026-06-16T00:05:55
train_train_000274,keep,other,,2026-06-16T00:05:59
train_train_000275,keep,other,,2026-06-16T00:06:04
train_train_000276,keep,other,,2026-06-16T00:06:08
train_train_000277,keep,other,,2026-06-16T00:06:12
train_train_000278,keep,other,,2026-06-16T00:06:16
train_train_000279,keep,other,,2026-06-16T00:06:20
train_train_000280,remove_image,other,,2026-06-16T00:06:27
train_train_000281,remove_image,other,,2026-06-16T00:06:31
train_train_000282,remove_image,other,,2026-06-16T00:06:35
train_train_000283,remove_image,other,,2026-06-16T00:06:39
train_train_000284,remove_image,other,,2026-06-16T00:06:43
train_train_000285,remove_image,other,,2026-06-16T00:06:47
train_train_000286,keep,other,,2026-06-16T00:06:52
train_train_000287,keep,other,,2026-06-16T00:06:56
train_train_000288,keep,other,,2026-06-16T00:07:01
train_train_000289,keep,other,,2026-06-16T00:07:05
train_train_000290,keep,other,,2026-06-16T00:07:08
train_train_000291,keep,other,,2026-06-16T00:07:15
train_train_000292,keep,other,,2026-06-16T00:07:20
train_train_000293,remove_image,other,,2026-06-16T00:07:24
train_train_000294,remove_image,other,,2026-06-16T00:07:29
train_train_000295,keep,other,,2026-06-16T00:07:33
train_train_000296,keep,other,,2026-06-16T00:07:37
train_train_000297,keep,other,,2026-06-16T00:07:44
train_train_000298,keep,other,,2026-06-16T00:07:48
train_train_000299,keep,other,,2026-06-16T00:07:53
train_train_000300,keep,other,,2026-06-16T00:07:57
train_train_000301,keep,other,,2026-06-16T00:08:02
train_train_000302,keep,other,,2026-06-16T00:08:06
train_train_000303,keep,other,,2026-06-16T00:08:10
train_train_000304,remove_image,other,,2026-06-16T00:08:16
train_train_000305,keep,other,,2026-06-16T00:08:43
train_train_000306,keep,other,,2026-06-16T00:17:10
train_train_000307,keep,other,,2026-06-16T00:17:18
train_train_000308,keep,other,,2026-06-16T00:17:22
train_train_000309,keep,other,,2026-06-16T00:17:29
train_train_000310,keep,other,,2026-06-16T00:17:36
train_train_000311,keep,other,,2026-06-16T00:17:57
train_train_000312,keep,other,,2026-06-16T00:18:04
train_train_000313,remove_image,other,,2026-06-16T00:18:10
train_train_000314,remove_image,other,,2026-06-16T00:18:17
train_train_000315,keep,other,,2026-06-16T00:18:22
train_train_000316,keep,other,,2026-06-16T00:18:27
train_train_000317,keep,other,,2026-06-16T00:18:31
train_train_000318,keep,other,,2026-06-16T00:18:36
train_train_000319,keep,other,,2026-06-16T00:19:48
train_train_000320,keep,other,,2026-06-16T00:20:14
train_train_000321,keep,other,,2026-06-16T00:20:18
train_train_000322,keep,other,,2026-06-16T00:20:23
train_train_000323,remove_image,other,,2026-06-16T00:20:28
train_train_000324,remove_image,other,,2026-06-16T00:20:32
train_train_000325,keep,other,,2026-06-16T00:20:37
train_train_000326,keep,other,,2026-06-16T00:20:41
train_train_000327,keep,other,,2026-06-16T00:20:46
train_train_000328,keep,other,,2026-06-16T00:20:50
train_train_000329,keep,other,,2026-06-16T00:20:55
train_train_000330,keep,other,,2026-06-16T00:21:00
train_train_000331,keep,other,,2026-06-16T00:21:11
train_train_000332,keep,other,,2026-06-16T00:21:15
train_train_000333,keep,other,,2026-06-16T00:21:20
train_train_000334,keep,other,,2026-06-16T00:21:25
train_train_000335,keep,other,,2026-06-16T00:26:11
train_train_000336,keep,other,,2026-06-16T00:26:19
train_train_000337,keep,other,,2026-06-16T00:26:23
train_train_000338,keep,other,,2026-06-16T00:26:28
train_train_000339,keep,other,,2026-06-16T00:26:33
train_train_000340,keep,other,,2026-06-16T00:26:39
train_train_000341,keep,other,,2026-06-16T00:26:43
train_train_000342,keep,other,,2026-06-16T00:26:49
train_train_000343,keep,other,,2026-06-16T00:26:53
train_train_000344,keep,other,,2026-06-16T00:26:57
train_train_000345,remove_image,other,,2026-06-16T00:27:07
train_train_000346,remove_image,other,,2026-06-16T00:27:13
train_train_000347,remove_image,other,,2026-06-16T00:27:18
train_train_000348,keep,other,,2026-06-16T00:27:23
train_train_000349,remove_image,other,,2026-06-16T00:27:27
train_train_000350,keep,other,,2026-06-16T00:27:32
train_train_000351,remove_image,other,,2026-06-16T00:27:36
train_train_000352,keep,other,,2026-06-16T00:27:40
train_train_000353,keep,other,,2026-06-16T00:27:45
train_train_000354,keep,other,,2026-06-16T00:27:49
train_train_000355,keep,other,,2026-06-16T00:27:53
train_train_000356,remove_image,other,,2026-06-16T00:27:59
train_train_000357,keep,other,,2026-06-16T00:28:06
train_train_000358,keep,other,,2026-06-16T00:28:13
train_train_000359,keep,other,,2026-06-16T00:28:17
train_train_000360,keep,other,,2026-06-16T00:28:22
train_train_000361,keep,other,,2026-06-16T00:28:27
train_train_000362,keep,other,,2026-06-16T00:28:31
train_train_000363,remove_image,other,,2026-06-16T00:28:44
train_train_000364,keep,other,,2026-06-16T00:28:48
train_train_000365,keep,other,,2026-06-16T00:28:52
train_train_000366,keep,other,,2026-06-16T00:28:56
train_train_000367,keep,other,,2026-06-16T00:31:23
train_train_000368,keep,other,,2026-06-16T00:31:27
train_train_000369,keep,other,,2026-06-16T00:31:31
train_train_000370,keep,other,,2026-06-16T00:31:36
train_train_000371,keep,other,,2026-06-16T00:31:40
train_train_000372,keep,other,,2026-06-16T00:31:45
train_train_000373,keep,other,,2026-06-16T00:31:49
train_train_000374,keep,other,,2026-06-16T00:31:55
train_train_000375,keep,other,,2026-06-16T00:32:00
train_train_000376,keep,other,,2026-06-16T00:32:04
train_train_000377,keep,other,,2026-06-16T00:32:09
train_train_000378,remove_image,other,,2026-06-16T00:32:13
train_train_000379,remove_image,other,,2026-06-16T00:32:19
train_train_000380,remove_image,other,,2026-06-16T00:32:25
train_train_000381,remove_image,other,,2026-06-16T00:32:30
train_train_000382,keep,other,,2026-06-16T00:32:38
train_train_000413,remove_image,other,,2026-06-16T01:13:25
train_train_000414,keep,other,,2026-06-16T01:13:32
train_train_000415,keep,other,,2026-06-16T01:14:20
train_train_000416,remove_image,other,,2026-06-16T01:15:04
train_train_000417,keep,other,,2026-06-16T01:15:10
train_train_000418,keep,other,,2026-06-16T01:15:46
train_train_000419,keep,other,,2026-06-16T01:16:22
train_train_000420,remove_image,other,,2026-06-16T01:17:17
train_train_000421,keep,other,,2026-06-16T01:17:22
train_train_000422,keep,other,,2026-06-16T01:17:30
train_train_000423,keep,other,,2026-06-16T01:17:35
train_train_000424,remove_image,other,,2026-06-16T01:17:40
train_train_000425,remove_image,other,,2026-06-16T01:17:46
train_train_000426,keep,other,,2026-06-16T01:17:54
train_train_000427,keep,other,,2026-06-16T01:17:58
train_train_000428,remove_image,other,,2026-06-16T01:18:02
train_train_000429,keep,other,,2026-06-16T01:18:06
train_train_000430,fix_label,other,,2026-06-16T01:18:19
train_train_000431,keep,other,,2026-06-16T01:18:27
train_train_000432,keep,other,,2026-06-16T01:18:31
train_train_000433,remove_image,other,,2026-06-16T01:18:37
train_train_000434,remove_image,other,,2026-06-16T01:18:42
train_train_000435,keep,other,,2026-06-16T01:21:47
train_train_000436,remove_image,other,,2026-06-16T01:22:18
train_train_000437,keep,other,,2026-06-16T01:22:22
train_train_000438,keep,other,,2026-06-16T01:23:02
train_train_000439,keep,other,,2026-06-16T01:23:06
train_train_000440,remove_image,other,,2026-06-16T01:23:11
train_train_000441,remove_image,other,,2026-06-16T01:23:18
train_train_000442,keep,other,,2026-06-16T01:23:23
train_train_000443,remove_image,other,,2026-06-16T01:23:28
train_train_000444,keep,other,,2026-06-16T01:23:33
train_train_000445,keep,other,,2026-06-16T01:23:39
train_train_000446,keep,other,,2026-06-16T01:23:45
train_train_000447,keep,other,,2026-06-16T01:24:20
train_train_000448,remove_image,other,,2026-06-16T01:24:24
train_train_000449,keep,other,,2026-06-16T01:24:30
train_train_000450,remove_image,other,,2026-06-16T01:24:35
train_train_000451,remove_image,other,,2026-06-16T01:24:40
train_train_000452,keep,other,,2026-06-16T01:24:45
train_train_000453,keep,other,,2026-06-16T01:24:50
train_train_000454,remove_image,other,,2026-06-16T01:24:54
train_train_000455,keep,other,,2026-06-16T01:24:59
train_train_000456,keep,other,,2026-06-16T01:25:04
train_train_000457,keep,other,,2026-06-16T01:25:08
train_train_000458,keep,other,,2026-06-16T01:25:14
train_train_000459,remove_image,other,,2026-06-16T01:25:21
train_train_000460,keep,other,,2026-06-16T01:26:18
train_train_000461,keep,other,,2026-06-16T01:26:22
train_train_000462,keep,other,,2026-06-16T01:26:31
train_train_000463,keep,other,,2026-06-16T01:28:24
train_train_000464,remove_image,other,,2026-06-16T01:29:10
train_train_000465,keep,other,,2026-06-16T01:29:49
train_train_000466,keep,other,,2026-06-16T01:29:52
train_train_000467,fix_label,other,,2026-06-16T01:30:03
train_train_000468,keep,other,,2026-06-16T01:30:13
train_train_000469,remove_image,other,,2026-06-16T01:30:18
train_train_000470,remove_image,other,,2026-06-16T01:30:23
train_train_000471,remove_image,other,,2026-06-16T01:30:30
train_train_000472,remove_image,other,,2026-06-16T01:30:34
train_train_000473,remove_image,other,,2026-06-16T01:30:39
train_train_000474,remove_image,other,,2026-06-16T01:30:42
train_train_000475,remove_image,other,,2026-06-16T01:32:18
train_train_000476,remove_image,other,,2026-06-16T01:32:23
train_train_000477,remove_image,other,,2026-06-16T01:32:27
train_train_000478,remove_image,other,,2026-06-16T01:32:49
train_train_000479,remove_image,other,,2026-06-16T01:32:53
train_train_000480,remove_image,other,,2026-06-16T01:33:00
train_train_000481,remove_image,other,,2026-06-16T01:33:04
train_train_000482,remove_image,other,,2026-06-16T01:33:08
train_train_000483,remove_image,other,,2026-06-16T01:33:12
train_train_000484,remove_image,other,,2026-06-16T01:33:18
train_train_000485,remove_image,other,,2026-06-16T01:33:21
train_train_000486,remove_image,other,,2026-06-16T01:33:25
train_train_000487,remove_image,other,,2026-06-16T01:33:30
train_train_000488,remove_image,other,,2026-06-16T01:33:34
train_train_000489,remove_image,other,,2026-06-16T01:35:45
train_train_000490,remove_image,other,,2026-06-16T01:35:49
train_train_000491,remove_image,other,,2026-06-16T01:35:53
train_train_000492,keep,other,,2026-06-16T01:35:59
train_train_000493,remove_image,other,,2026-06-16T01:36:04
train_train_000494,keep,other,,2026-06-16T01:36:09
train_train_000495,remove_image,other,,2026-06-16T01:36:13
train_train_000496,remove_image,other,,2026-06-16T01:36:17
train_train_000497,remove_image,other,,2026-06-16T01:36:24
train_train_000498,keep,other,,2026-06-16T01:36:29
train_train_000499,remove_image,other,,2026-06-16T01:39:29
train_train_000500,remove_image,other,,2026-06-16T01:39:33
train_train_000501,remove_image,other,,2026-06-16T01:39:38
train_train_000502,remove_image,other,,2026-06-16T01:39:43
train_train_000503,remove_image,other,,2026-06-16T01:39:47
train_train_000504,remove_image,other,,2026-06-16T01:39:55
train_train_000505,keep,other,,2026-06-16T01:40:02
train_train_000506,keep,other,,2026-06-16T01:40:10
train_train_000507,keep,other,,2026-06-16T01:40:17
train_train_000508,remove_image,other,,2026-06-16T01:40:23
train_train_000509,remove_image,other,,2026-06-16T01:40:28
train_train_000510,remove_image,other,,2026-06-16T01:40:33
train_train_000511,keep,other,,2026-06-16T01:40:38
train_train_000512,keep,other,,2026-06-16T01:40:44
train_train_000513,keep,other,,2026-06-16T01:40:50
train_train_000514,keep,other,,2026-06-16T01:40:55
train_train_000515,keep,other,,2026-06-16T01:41:00
train_train_000516,remove_image,other,,2026-06-16T01:41:04
train_train_000517,keep,other,,2026-06-16T01:44:21
train_train_000518,keep,other,,2026-06-16T01:44:28
train_train_000519,keep,other,,2026-06-16T01:44:33
train_train_000520,keep,other,,2026-06-16T01:44:38
train_train_000521,fix_label,other,,2026-06-16T01:44:44
train_train_000522,fix_label,other,,2026-06-16T01:44:52
train_train_000523,keep,other,,2026-06-16T01:44:59
train_train_000524,remove_image,other,,2026-06-16T01:45:04
train_train_000525,remove_image,other,,2026-06-16T01:45:08
train_train_000526,remove_image,other,,2026-06-16T01:45:12
train_train_000527,remove_image,other,,2026-06-16T01:45:17
train_train_000528,remove_image,other,,2026-06-16T01:45:24
train_train_000529,remove_image,other,,2026-06-16T01:45:29
train_train_000530,remove_image,other,,2026-06-16T01:45:35
train_train_000531,keep,other,,2026-06-16T01:45:42
train_train_000532,keep,other,,2026-06-16T01:45:48
train_train_000533,keep,other,,2026-06-16T01:45:52
train_train_000534,keep,other,,2026-06-16T01:45:57
train_train_000535,keep,other,,2026-06-16T01:46:01
train_train_000536,keep,other,,2026-06-16T01:46:37
train_train_000537,keep,other,,2026-06-16T01:46:41
train_train_000538,remove_image,other,,2026-06-16T01:46:46
train_train_000539,keep,other,,2026-06-16T01:46:50
train_train_000540,keep,other,,2026-06-16T01:46:54
train_train_000541,keep,other,,2026-06-16T01:46:58
train_train_000542,keep,other,,2026-06-16T01:47:03
train_train_000543,keep,other,,2026-06-16T01:49:17
train_train_000544,keep,other,,2026-06-16T01:49:21
train_train_000545,remove_image,other,,2026-06-16T01:49:25
train_train_000546,keep,other,,2026-06-16T01:49:29
train_train_000547,keep,other,,2026-06-16T01:49:33
train_train_000548,keep,other,,2026-06-16T01:49:37
train_train_000549,keep,other,,2026-06-16T01:53:06
train_train_000550,keep,other,,2026-06-16T01:53:10
train_train_000551,keep,other,,2026-06-16T01:53:16
train_train_000552,keep,other,,2026-06-16T01:53:20
train_train_000553,keep,other,,2026-06-16T01:53:26
train_train_000554,keep,other,,2026-06-16T01:54:21
train_train_000555,keep,other,,2026-06-16T01:54:27
train_train_000556,keep,other,,2026-06-16T01:54:31
train_train_000557,keep,other,,2026-06-16T01:54:34
train_train_000558,keep,other,,2026-06-16T01:54:39
train_train_000559,keep,other,,2026-06-16T01:54:44
train_train_000560,keep,other,,2026-06-16T01:54:48
train_train_000561,keep,other,,2026-06-16T01:54:53
train_train_000562,keep,other,,2026-06-16T01:55:40
train_train_000563,keep,other,,2026-06-16T01:55:44
train_train_000564,keep,other,,2026-06-16T01:55:49
train_train_000565,remove_image,other,,2026-06-16T01:57:49
train_train_000566,remove_image,other,,2026-06-16T01:57:55
train_train_000567,keep,other,,2026-06-16T01:58:01
train_train_000568,keep,other,,2026-06-16T01:58:07
train_train_000569,keep,other,,2026-06-16T01:58:12
train_train_000570,keep,other,,2026-06-16T01:58:16
train_train_000571,keep,other,,2026-06-16T01:58:19
train_train_000572,remove_image,other,,2026-06-16T01:58:27
train_train_000573,keep,other,,2026-06-16T01:58:31
train_train_000574,keep,other,,2026-06-16T01:58:36
train_train_000575,remove_image,other,,2026-06-16T01:58:41
train_train_000576,remove_image,other,,2026-06-16T01:58:46
train_train_000577,keep,other,,2026-06-16T01:58:51
train_train_000578,keep,other,,2026-06-16T01:58:56
train_train_000579,keep,other,,2026-06-16T01:59:01
train_train_000580,keep,other,,2026-06-16T01:59:06
train_train_000581,keep,other,,2026-06-16T01:59:10
train_train_000582,remove_image,other,,2026-06-16T01:59:15
train_train_000583,remove_image,other,,2026-06-16T01:59:44
train_train_000584,keep,other,,2026-06-16T01:59:48
train_train_000585,keep,other,,2026-06-16T01:59:52
train_train_000586,keep,other,,2026-06-16T01:59:57
train_train_000587,keep,other,,2026-06-16T02:00:00
train_train_000588,keep,other,,2026-06-16T02:00:04
train_train_000589,remove_image,other,,2026-06-16T02:00:08
train_train_000590,keep,other,,2026-06-16T02:00:12
train_train_000591,keep,other,,2026-06-16T02:00:18
train_train_000592,remove_image,other,,2026-06-16T02:00:22
train_train_000593,remove_image,other,,2026-06-16T02:00:27
train_train_000594,keep,other,,2026-06-16T02:00:33
train_train_000595,keep,other,,2026-06-16T02:00:37
train_train_000596,keep,other,,2026-06-16T02:00:41
train_train_000597,fix_label,other,,2026-06-16T02:00:56
train_train_000598,fix_label,other,,2026-06-16T02:01:00
train_train_000599,remove_image,other,,2026-06-16T02:01:04
train_train_000600,keep,other,,2026-06-16T02:01:09
train_train_000601,remove_image,other,,2026-06-16T02:01:14
train_train_000602,keep,other,,2026-06-16T02:01:18
train_train_000603,keep,other,,2026-06-16T02:01:23
train_train_000604,keep,other,,2026-06-16T02:01:27
train_train_000605,keep,other,,2026-06-16T02:01:31
train_train_000606,remove_image,other,,2026-06-16T02:01:34
train_train_000607,keep,other,,2026-06-16T02:01:38
train_train_000608,keep,other,,2026-06-16T02:01:44
train_train_000609,keep,other,,2026-06-16T02:01:50
train_train_000610,keep,other,,2026-06-16T02:01:54
train_train_000611,keep,other,,2026-06-16T02:01:58
train_train_000612,keep,other,,2026-06-16T02:02:03
train_train_000613,keep,other,,2026-06-16T02:02:07
train_train_000614,keep,other,,2026-06-16T02:02:12
train_train_000615,keep,other,,2026-06-16T02:02:17
train_train_000616,keep,other,,2026-06-16T02:02:21
train_train_000617,keep,other,,2026-06-16T02:02:25
train_train_000618,keep,other,,2026-06-16T02:02:29
train_train_000619,keep,other,,2026-06-16T02:02:33
train_train_000620,keep,other,,2026-06-16T02:02:37
train_train_000621,keep,other,,2026-06-16T02:02:41
train_train_000622,keep,other,,2026-06-16T02:02:45
train_train_000623,keep,other,,2026-06-16T02:02:49
train_train_000624,keep,other,,2026-06-16T02:02:59
train_train_000625,keep,other,,2026-06-16T02:03:04
train_train_000626,keep,other,,2026-06-16T02:03:09
train_train_000627,keep,other,,2026-06-16T02:03:13
train_train_000628,keep,other,,2026-06-16T02:03:17
train_train_000629,keep,other,,2026-06-16T02:03:22
train_train_000630,remove_image,other,,2026-06-16T02:03:26
train_train_000631,keep,other,,2026-06-16T02:03:31
train_train_000632,keep,other,,2026-06-16T02:03:36
train_train_000633,keep,other,,2026-06-16T02:03:40
train_train_000634,remove_image,other,,2026-06-16T02:06:02
train_train_000635,keep,other,,2026-06-16T02:06:08
train_train_000636,keep,other,,2026-06-16T02:06:12
train_train_000637,keep,other,,2026-06-16T02:06:15
train_train_000638,keep,other,,2026-06-16T02:06:20
train_train_000639,keep,other,,2026-06-16T02:06:23
train_train_000640,keep,other,,2026-06-16T02:06:27
train_train_000641,keep,other,,2026-06-16T02:06:31
train_train_000642,keep,other,,2026-06-16T02:06:35
train_train_000643,keep,other,,2026-06-16T02:06:41
train_train_000644,keep,other,,2026-06-16T02:10:30
train_train_000645,remove_image,other,,2026-06-16T02:12:10
train_train_000646,keep,other,,2026-06-16T02:14:13
train_train_000647,remove_image,other,,2026-06-16T02:14:19
train_train_000648,remove_image,other,,2026-06-16T02:14:24
train_train_000649,keep,other,,2026-06-16T02:14:47
train_train_000650,keep,other,,2026-06-16T02:14:55
train_train_000651,keep,other,,2026-06-16T02:15:00
train_train_000652,keep,other,,2026-06-16T02:15:03
train_train_000653,keep,other,,2026-06-16T02:15:07
train_train_000654,keep,other,,2026-06-16T02:15:23
train_train_000655,keep,other,,2026-06-16T02:15:38
train_train_000656,keep,other,,2026-06-16T02:15:46
train_train_000657,keep,other,,2026-06-16T02:15:58
train_train_000658,keep,other,,2026-06-16T02:16:03
train_train_000659,remove_image,other,,2026-06-16T02:16:17
train_train_000660,keep,other,,2026-06-16T02:16:20
train_train_000661,keep,other,,2026-06-16T02:16:26
train_train_000662,keep,other,,2026-06-16T02:16:30
train_train_000663,keep,other,,2026-06-16T02:16:33
train_train_000664,keep,other,,2026-06-16T02:16:37
train_train_000665,remove_image,other,,2026-06-16T02:16:41
train_train_000666,keep,other,,2026-06-16T02:17:48
train_train_000667,keep,other,,2026-06-16T02:17:52
train_train_000668,keep,other,,2026-06-16T02:19:48
train_train_000669,keep,other,,2026-06-16T02:24:24
train_train_000670,keep,other,,2026-06-16T02:24:27
train_train_000671,keep,other,,2026-06-16T02:24:31
train_train_000672,keep,other,,2026-06-16T02:24:35
train_train_000673,keep,other,,2026-06-16T02:24:39
train_train_000674,keep,other,,2026-06-16T02:24:55
train_train_000675,keep,other,,2026-06-16T02:24:59
train_train_000676,keep,other,,2026-06-16T02:25:03
train_train_000677,keep,other,,2026-06-16T02:25:45
train_train_000678,keep,other,,2026-06-16T02:25:51
train_train_000679,keep,other,,2026-06-16T02:25:55
train_train_000680,keep,other,,2026-06-16T02:28:07
train_train_000681,keep,other,,2026-06-16T02:28:10
train_train_000682,keep,other,,2026-06-16T02:28:14
train_train_000683,keep,other,,2026-06-16T02:28:28
train_train_000684,keep,other,,2026-06-16T02:28:35
train_train_000685,keep,other,,2026-06-16T02:28:40
train_train_000686,keep,other,,2026-06-16T02:28:43
train_train_000687,keep,other,,2026-06-16T02:28:48
train_train_000688,remove_image,other,,2026-06-16T02:36:44
train_train_000689,remove_image,other,,2026-06-16T02:36:51
train_train_000690,keep,other,,2026-06-16T02:36:57
train_train_000691,keep,other,,2026-06-16T02:37:00
train_train_000692,keep,other,,2026-06-16T02:37:03
train_train_000693,keep,other,,2026-06-16T02:37:07
train_train_000694,keep,other,,2026-06-16T02:37:11
train_train_000695,keep,other,,2026-06-16T02:37:15
train_train_000696,keep,other,,2026-06-16T02:37:44
train_train_000697,keep,other,,2026-06-16T02:37:49
train_train_000698,remove_image,other,,2026-06-16T02:37:53
train_train_000699,keep,other,,2026-06-16T02:37:59
train_train_000700,keep,other,,2026-06-16T02:38:03
train_train_000701,remove_image,other,,2026-06-16T02:38:07
train_train_000702,keep,other,,2026-06-16T02:38:11
train_train_000703,keep,other,,2026-06-16T02:38:15
train_train_000704,keep,other,,2026-06-16T02:38:19
train_train_000705,remove_image,other,,2026-06-16T02:38:23
train_train_000706,keep,other,,2026-06-16T02:39:28
train_train_000707,remove_image,other,,2026-06-16T02:39:32
train_train_000708,keep,other,,2026-06-16T02:39:38
train_train_000709,keep,other,,2026-06-16T02:39:43
train_train_000710,keep,other,,2026-06-16T02:39:51
train_train_000711,remove_image,other,,2026-06-16T02:39:55
train_train_000712,keep,other,,2026-06-16T02:40:17
train_train_000713,keep,other,,2026-06-16T02:41:11
train_train_000714,remove_image,other,,2026-06-16T02:41:15
train_train_000715,keep,other,,2026-06-16T02:41:18
train_train_000716,keep,other,,2026-06-16T02:41:23
train_train_000717,remove_image,other,,2026-06-16T02:41:33
train_train_000718,keep,other,,2026-06-16T02:41:37
train_train_000719,remove_image,other,,2026-06-16T02:41:43
train_train_000720,keep,other,,2026-06-16T02:41:51
train_train_000721,keep,other,,2026-06-16T02:41:56
train_train_000722,keep,other,,2026-06-16T02:42:28
train_train_000723,keep,other,,2026-06-16T02:42:32
train_train_000724,keep,other,,2026-06-16T02:43:03
train_train_000725,keep,other,,2026-06-16T02:43:08
train_train_000726,keep,other,,2026-06-16T02:43:13
train_train_000727,keep,other,,2026-06-16T02:43:17
train_train_000728,keep,other,,2026-06-16T02:43:21
train_train_000729,keep,other,,2026-06-16T02:43:30
train_train_000730,keep,other,,2026-06-16T02:43:36
train_train_000731,keep,other,,2026-06-16T02:43:41
train_train_000732,remove_image,other,,2026-06-16T02:43:47
train_train_000733,keep,other,,2026-06-16T02:43:51
train_train_000734,keep,other,,2026-06-16T02:43:55
train_train_000735,keep,other,,2026-06-16T02:43:59
train_train_000736,keep,other,,2026-06-16T02:44:08
train_train_000737,keep,other,,2026-06-16T02:44:15
train_train_000738,remove_image,other,,2026-06-16T02:44:19
train_train_000739,remove_image,other,,2026-06-16T02:46:05
train_train_000740,keep,other,,2026-06-16T02:46:09
train_train_000741,keep,other,,2026-06-16T02:46:16
train_train_000742,remove_image,other,,2026-06-16T02:46:20
val_val_000016,keep,other,,2026-06-15T18:53:16
val_val_000017,keep,other,,2026-06-15T18:53:20
val_val_000018,remove_image,object_not_visible,,2026-06-15T18:53:33
val_val_000019,keep,other,,2026-06-15T18:53:45
val_val_000020,remove_image,object_not_visible,,2026-06-15T18:54:01
val_val_000021,keep,other,,2026-06-15T18:54:16
val_val_000022,keep,other,,2026-06-15T18:54:20
val_val_000023,keep,other,,2026-06-15T18:54:27
val_val_000024,keep,other,,2026-06-15T18:54:37
val_val_000025,keep,other,,2026-06-15T18:54:42
val_val_000026,keep,other,,2026-06-15T18:54:46
val_val_000234,keep,other,,2026-06-16T00:02:22
val_val_000235,keep,other,,2026-06-16T00:02:28
val_val_000236,keep,other,,2026-06-16T00:02:33
val_val_000237,keep,other,,2026-06-16T00:02:38
val_val_000238,remove_image,other,,2026-06-16T00:02:42
val_val_000383,remove_image,other,,2026-06-16T00:32:43
val_val_000384,keep,other,,2026-06-16T00:32:51
val_val_000385,remove_image,other,,2026-06-16T00:32:56
val_val_000386,remove_image,other,,2026-06-16T00:33:04
val_val_000387,keep,other,,2026-06-16T00:33:08
val_val_000388,keep,other,,2026-06-16T00:33:12
val_val_000389,remove_image,other,,2026-06-16T00:33:17
val_val_000390,keep,other,,2026-06-16T00:33:24
val_val_000391,keep,other,,2026-06-16T00:33:28
val_val_000392,remove_image,other,,2026-06-16T00:33:32
val_val_000393,remove_image,other,,2026-06-16T00:33:37
val_val_000394,remove_image,other,,2026-06-16T00:33:42
val_val_000395,remove_image,other,,2026-06-16T00:40:25
val_val_000396,remove_image,other,,2026-06-16T00:40:30
val_val_000397,remove_image,other,,2026-06-16T00:40:35
val_val_000398,remove_image,other,,2026-06-16T00:40:39
val_val_000399,remove_image,other,,2026-06-16T00:40:43
val_val_000400,keep,other,,2026-06-16T00:40:48
val_val_000401,remove_image,other,,2026-06-16T00:40:54
val_val_000402,remove_image,other,,2026-06-16T00:41:19
val_val_000403,keep,other,,2026-06-16T00:41:23
val_val_000404,keep,other,,2026-06-16T00:42:52
val_val_000405,keep,other,,2026-06-16T00:42:57
val_val_000406,remove_image,other,,2026-06-16T00:45:47
val_val_000407,remove_image,other,,2026-06-16T00:45:52
val_val_000408,remove_image,other,,2026-06-16T00:45:56
val_val_000409,remove_image,other,,2026-06-16T00:46:02
val_val_000410,remove_image,other,,2026-06-16T00:46:06
val_val_000411,fix_label,other,,2026-06-16T01:12:14
val_val_000412,fix_label,other,,2026-06-16T01:12:22
